{"encoder/task_auroc_fold0":0.906423611111111,"encoder/recon_cosine_fold1":0.0013775976840406656,"encoder/recon_cosine_fold3":0.021434972062706947,"encoder/alpha_r2_fold4":0.9751812219619751,"n_samples":300,"encoder/task_auroc_fold2":0.8975694444444444,"encoder/alpha_r2_fold2":0.9777317047119141,"encoder/recon_cosine_fold2":-0.028277374804019928,"encoder/task_auroc_fold3":0.9053819444444444,"encoder/alpha_r2":0.9807952404022217,"_timestamp":1.7758172339241552e+09,"encoder/recon_cosine_fold0":0.001309819519519806,"encoder/alpha_r2_fold3":0.9872325658798218,"S":11,"M":144,"encoder/task_auroc_fold1":0.9232638888888889,"_runtime":51,"encoder/alpha_r2_fold0":0.9798551201820374,"n_folds":5,"_wandb":{"runtime":51},"encoder/alpha_r2_fold1":0.9839755892753601,"encoder/recon_cosine":0.005739764543250203,"_step":5,"encoder/recon_cosine_fold4":0.032853808254003525,"encoder/task_auroc":0.9053125,"encoder/task_auroc_fold4":0.8939236111111111}