{"encoder/alpha_r2_fold0":0.9991046190261841,"encoder/recon_cosine":-0.010352086136117577,"encoder/alpha_r2":0.999223780632019,"encoder/recon_cosine_fold4":-0.02608475834131241,"_step":5,"M":144,"encoder/recon_cosine_fold0":0.009241481311619282,"encoder/task_auroc_fold4":0.5347222222222222,"encoder/alpha_r2_fold4":0.999292254447937,"encoder/recon_cosine_fold3":0.0016976823098957539,"n_folds":5,"encoder/task_auroc":0.48961805555555554,"_timestamp":1.775867415607968e+09,"encoder/alpha_r2_fold2":0.9995459914207458,"_wandb":{"runtime":3007},"encoder/alpha_r2_fold1":0.9990139007568359,"n_samples":300,"encoder/recon_cosine_fold2":-0.03984122350811958,"encoder/task_auroc_fold2":0.4383680555555555,"S":11,"encoder/alpha_r2_fold3":0.9991621375083923,"_runtime":3007,"encoder/task_auroc_fold1":0.509375,"encoder/recon_cosine_fold1":0.003226387547329068,"encoder/task_auroc_fold3":0.5020833333333334,"encoder/task_auroc_fold0":0.4635416666666667}