{"M":144,"encoder/alpha_r2_fold0":-5.888938903808594e-05,"n_samples":300,"encoder/recon_cosine_fold0":0.9986851811408997,"encoder/task_auroc":0.9065624999999999,"encoder/recon_cosine_fold3":0.9987385869026184,"S":11,"_timestamp":1.7758387127221768e+09,"encoder/task_auroc_fold0":0.9076388888888889,"encoder/recon_cosine_fold2":0.9985381364822388,"encoder/alpha_r2_fold4":-0.00025844573974609375,"_runtime":2939,"_step":5,"encoder/task_auroc_fold3":0.9027777777777779,"encoder/task_auroc_fold4":0.9072916666666666,"encoder/recon_cosine_fold1":0.9985510110855103,"encoder/recon_cosine":0.9986179828643799,"_wandb":{"runtime":2939},"encoder/alpha_r2_fold2":-0.02506577968597412,"encoder/task_auroc_fold1":0.922048611111111,"encoder/alpha_r2_fold1":-0.002991318702697754,"encoder/recon_cosine_fold4":0.9985769987106323,"encoder/alpha_r2":-0.00818648338317871,"encoder/task_auroc_fold2":0.8930555555555555,"n_folds":5,"encoder/alpha_r2_fold3":-0.0125579833984375}