{"encoder/task_auroc_fold2":0.8899305555555556,"_timestamp":1.775858519578847e+09,"S":11,"encoder/recon_cosine_fold0":0.9986899495124817,"encoder/task_auroc_fold4":0.9013888888888888,"encoder/task_auroc_fold0":0.9121527777777778,"encoder/recon_cosine_fold4":0.9985105991363525,"encoder/recon_cosine_fold3":0.9988399744033813,"encoder/recon_cosine_fold2":0.9985314011573792,"encoder/alpha_r2_fold3":-0.0125579833984375,"encoder/alpha_r2":-0.00818648338317871,"_step":5,"encoder/recon_cosine":0.9986325025558471,"encoder/task_auroc":0.9060069444444444,"encoder/recon_cosine_fold1":0.9985905885696411,"M":144,"encoder/task_auroc_fold3":0.9053819444444444,"n_folds":5,"encoder/alpha_r2_fold0":-5.888938903808594e-05,"encoder/alpha_r2_fold1":-0.002991318702697754,"_runtime":2917,"n_samples":300,"encoder/task_auroc_fold1":0.9211805555555556,"encoder/alpha_r2_fold4":-0.00025844573974609375,"_wandb":{"runtime":2917},"encoder/alpha_r2_fold2":-0.02506577968597412}