{"_runtime":2965,"encoder/alpha_r2_fold0":0.9997853636741638,"encoder/alpha_r2_fold4":0.9996577501296997,"encoder/alpha_r2_fold3":0.9996153116226196,"encoder/task_auroc_fold4":0.5864583333333334,"encoder/alpha_r2_fold2":0.999624490737915,"_timestamp":1.7758802349549694e+09,"_wandb":{"runtime":2965},"encoder/task_auroc_fold0":0.4911458333333333,"encoder/task_auroc_fold1":0.5439236111111111,"encoder/task_auroc":0.5320833333333332,"encoder/alpha_r2_fold1":0.9997493624687195,"encoder/alpha_r2":0.9996864557266235,"encoder/recon_cosine_fold2":0.9985179901123047,"S":11,"encoder/recon_cosine_fold0":0.998655378818512,"encoder/recon_cosine_fold4":0.9985271096229553,"n_folds":5,"n_samples":300,"M":144,"_step":5,"encoder/task_auroc_fold2":0.4420138888888888,"encoder/recon_cosine":0.998617696762085,"encoder/recon_cosine_fold1":0.9985644817352295,"encoder/task_auroc_fold3":0.5968749999999999,"encoder/recon_cosine_fold3":0.9988235235214233}