{"encoder/alpha_r2_fold3":-0.0125579833984375,"encoder/task_auroc_fold4":0.909375,"encoder/task_auroc_fold1":0.9225694444444443,"encoder/task_auroc_fold2":0.8857638888888889,"n_samples":300,"encoder/alpha_r2_fold1":-0.002991318702697754,"encoder/task_auroc_fold0":0.9105902777777779,"encoder/alpha_r2_fold0":-5.888938903808594e-05,"encoder/recon_cosine_fold3":0.998812735080719,"encoder/recon_cosine_fold2":0.9985435009002686,"encoder/recon_cosine":0.9986557126045227,"encoder/recon_cosine_fold0":0.9986810088157654,"encoder/task_auroc_fold3":0.8975694444444444,"encoder/recon_cosine_fold4":0.9986172318458557,"encoder/alpha_r2":-0.00818648338317871,"encoder/recon_cosine_fold1":0.9986240863800049,"encoder/alpha_r2_fold4":-0.00025844573974609375,"n_folds":5,"_timestamp":1.7758777971824262e+09,"encoder/alpha_r2_fold2":-0.02506577968597412,"encoder/task_auroc":0.9051736111111112,"_step":5,"_wandb":{"runtime":3088},"S":11,"M":144,"_runtime":3088}