{"encoder/alpha_r2_fold0":0.9416198134422302,"_timestamp":1.7758897132627711e+09,"encoder/task_auroc_fold4":0.9067708333333332,"encoder/task_auroc_fold3":0.9067708333333334,"encoder/recon_cosine":-0.004963973071426153,"encoder/alpha_r2_fold2":0.9512234330177307,"encoder/task_auroc_fold2":0.8961805555555555,"_step":5,"encoder/alpha_r2_fold4":0.9499650001525879,"M":144,"encoder/recon_cosine_fold3":0.006630513351410627,"encoder/alpha_r2_fold1":0.9151576161384583,"encoder/alpha_r2":0.9299781322479248,"encoder/task_auroc_fold1":0.9267361111111111,"encoder/alpha_r2_fold3":0.8919247984886169,"n_samples":300,"_wandb":{"runtime":637},"encoder/recon_cosine_fold2":0.032297514379024506,"n_folds":5,"encoder/recon_cosine_fold4":-0.02484578639268875,"encoder/task_auroc":0.9102083333333333,"S":11,"encoder/recon_cosine_fold1":-0.02458394505083561,"encoder/recon_cosine_fold0":-0.014318161644041538,"encoder/task_auroc_fold0":0.9145833333333334,"_runtime":637}