{"_runtime":2021,"n_samples":300,"encoder/alpha_r2":0.9837930917739868,"encoder/recon_cosine_fold3":0.016539566218852997,"encoder/task_auroc_fold4":0.9107638888888887,"_timestamp":1.7758927164856942e+09,"n_folds":5,"encoder/recon_cosine_fold2":0.0022563105449080467,"encoder/alpha_r2_fold1":0.9834309220314026,"encoder/alpha_r2_fold2":0.9737772941589355,"encoder/alpha_r2_fold0":0.9882189035415649,"encoder/task_auroc_fold2":0.8987847222222222,"encoder/task_auroc_fold0":0.9140625,"encoder/alpha_r2_fold4":0.982649028301239,"encoder/task_auroc":0.910798611111111,"encoder/recon_cosine_fold0":0.02295033261179924,"encoder/recon_cosine":0.010020492784678935,"encoder/recon_cosine_fold1":0.06027526035904884,"_step":5,"_wandb":{"runtime":2021},"encoder/task_auroc_fold1":0.9296875,"encoder/alpha_r2_fold3":0.990889310836792,"S":11,"encoder/task_auroc_fold3":0.9006944444444445,"M":144,"encoder/recon_cosine_fold4":-0.05191900581121445}