{"encoder/task_auroc_fold1":0.9203125,"encoder/recon_cosine_fold0":0.9987030625343323,"encoder/recon_cosine_fold2":0.9986628293991089,"encoder/alpha_r2_fold0":-5.888938903808594e-05,"n_folds":5,"encoder/task_auroc_fold4":0.9164930555555555,"M":144,"encoder/alpha_r2_fold3":-0.0125579833984375,"encoder/alpha_r2":-0.00818648338317871,"_wandb":{"runtime":2906},"encoder/recon_cosine_fold4":0.9986123442649841,"S":11,"encoder/alpha_r2_fold2":-0.02506577968597412,"encoder/task_auroc_fold3":0.9052083333333332,"encoder/task_auroc_fold0":0.9100694444444445,"encoder/recon_cosine_fold1":0.9986709356307983,"encoder/alpha_r2_fold1":-0.002991318702697754,"encoder/recon_cosine_fold3":0.9988598227500916,"encoder/alpha_r2_fold4":-0.00025844573974609375,"encoder/task_auroc_fold2":0.884548611111111,"n_samples":300,"encoder/recon_cosine":0.9987017989158631,"_timestamp":1.775861448017714e+09,"encoder/task_auroc":0.9073263888888888,"_runtime":2906,"_step":5}