{"M":144,"S":11,"encoder/alpha_r2_fold2":0.9813744425773621,"encoder/alpha_r2_fold3":0.9937820434570312,"encoder/task_auroc":0.9070486111111112,"encoder/alpha_r2_fold0":0.987957775592804,"encoder/recon_cosine":0.9986642360687256,"encoder/task_auroc_fold2":0.8913194444444447,"encoder/recon_cosine_fold3":0.9988497495651245,"n_folds":5,"_step":5,"encoder/alpha_r2_fold4":0.9763156175613403,"encoder/recon_cosine_fold1":0.998617947101593,"_timestamp":1.7758969387755945e+09,"encoder/recon_cosine_fold0":0.9987066984176636,"encoder/task_auroc_fold1":0.9263888888888889,"encoder/alpha_r2_fold1":0.9788275361061096,"encoder/task_auroc_fold3":0.9078125,"encoder/recon_cosine_fold4":0.9985223412513733,"encoder/task_auroc_fold0":0.907986111111111,"encoder/task_auroc_fold4":0.9017361111111111,"_runtime":2715,"n_samples":300,"encoder/alpha_r2":0.9836514830589295,"encoder/recon_cosine_fold2":0.9986244440078735,"_wandb":{"runtime":2715}}