{"encoder/alpha_r2_fold2":-12.372076988220215,"encoder/recon_cosine_fold3":0.0483514778316021,"encoder/alpha_r2_fold0":-8.069933891296387,"encoder/recon_cosine_fold4":0.007175028789788485,"encoder/task_auroc_fold3":0.9085069444444445,"encoder/task_auroc_fold2":0.8996527777777779,"n_samples":300,"encoder/alpha_r2_fold3":-5.505411624908447,"encoder/alpha_r2_fold1":-5.570610046386719,"_runtime":13,"_wandb":{"runtime":13},"encoder/task_auroc_fold4":0.9055555555555556,"encoder/recon_cosine":0.007075185049325227,"S":11,"encoder/alpha_r2_fold4":-6.818175315856934,"encoder/alpha_r2":-7.66724157333374,"_timestamp":1.7758180397985773e+09,"encoder/task_auroc_fold0":0.9225694444444444,"encoder/recon_cosine_fold1":-0.017335588112473488,"encoder/recon_cosine_fold2":-0.027495471760630608,"encoder/task_auroc_fold1":0.9215277777777778,"n_folds":5,"M":144,"encoder/task_auroc":0.9115625000000002,"encoder/recon_cosine_fold0":0.024680478498339653,"_step":5}