{"_runtime":946,"encoder/recon_cosine_fold3":0.9985697269439697,"encoder/recon_cosine":0.9984158158302308,"encoder/task_auroc_fold1":0.9284722222222221,"_step":5,"encoder/recon_cosine_fold2":0.9982799887657166,"encoder/alpha_r2_fold2":0.9061042070388794,"encoder/task_auroc_fold2":0.8845486111111113,"encoder/alpha_r2":0.9313081741333008,"encoder/alpha_r2_fold4":0.9174046516418457,"encoder/alpha_r2_fold1":0.9484498500823975,"n_folds":5,"encoder/recon_cosine_fold0":0.9985494613647461,"S":11,"encoder/recon_cosine_fold4":0.9983665943145752,"encoder/task_auroc_fold0":0.9126736111111111,"_timestamp":1.7758944207069936e+09,"_wandb":{"runtime":946},"encoder/task_auroc_fold3":0.9034722222222223,"encoder/task_auroc":0.9094791666666667,"M":144,"n_samples":300,"encoder/alpha_r2_fold0":0.9396286010742188,"encoder/alpha_r2_fold3":0.9449535608291626,"encoder/task_auroc_fold4":0.9182291666666668,"encoder/recon_cosine_fold1":0.998313307762146}