{"M":144,"encoder/recon_cosine_fold4":-0.017194239422678947,"encoder/task_auroc_fold1":0.9229166666666666,"encoder/task_auroc_fold4":0.8991319444444444,"encoder/task_auroc_fold0":0.9086805555555555,"encoder/alpha_r2_fold2":0.9962542653083801,"encoder/recon_cosine_fold0":-0.027363182976841927,"encoder/alpha_r2":0.9964437127113343,"_timestamp":1.7758182464158304e+09,"encoder/alpha_r2_fold1":0.9964536428451538,"encoder/recon_cosine_fold1":0.019631633535027504,"n_folds":5,"_runtime":88,"encoder/task_auroc_fold3":0.9039930555555555,"encoder/recon_cosine_fold3":-0.007798712234944105,"encoder/alpha_r2_fold4":0.9958943128585815,"n_samples":300,"encoder/alpha_r2_fold0":0.9970325231552124,"_step":5,"encoder/recon_cosine":-0.009749778639525175,"encoder/recon_cosine_fold2":-0.0160243920981884,"encoder/task_auroc":0.9085763888888888,"S":11,"_wandb":{"runtime":88},"encoder/task_auroc_fold2":0.9081597222222223,"encoder/alpha_r2_fold3":0.9965838193893433}