{"encoder/recon_cosine":0.9951126456260682,"_wandb":{"runtime":90},"encoder/task_auroc_fold4":0.8864583333333333,"encoder/alpha_r2_fold4":0.9730749726295471,"encoder/alpha_r2":0.9682207822799682,"encoder/alpha_r2_fold0":0.9662487506866455,"S":11,"encoder/recon_cosine_fold2":0.9952409267425537,"M":144,"encoder/task_auroc_fold2":0.8789930555555555,"_runtime":90,"encoder/alpha_r2_fold1":0.9779225587844849,"_step":5,"encoder/task_auroc_fold0":0.9092013888888888,"encoder/recon_cosine_fold3":0.9950774908065796,"n_samples":300,"encoder/alpha_r2_fold3":0.9660700559616089,"_timestamp":1.7758183529673247e+09,"encoder/recon_cosine_fold1":0.9949432015419006,"encoder/alpha_r2_fold2":0.9577875733375549,"encoder/task_auroc_fold3":0.9128472222222221,"encoder/task_auroc":0.9028819444444445,"encoder/task_auroc_fold1":0.9269097222222221,"n_folds":5,"encoder/recon_cosine_fold0":0.9951379895210266,"encoder/recon_cosine_fold4":0.99516361951828}