{"encoder/alpha_r2_fold0":0.982391357421875,"encoder/task_auroc_fold1":0.9289930555555556,"encoder/alpha_r2_fold2":0.9518946409225464,"encoder/task_auroc":0.9099999999999999,"_wandb":{"runtime":2701},"encoder/recon_cosine_fold2":0.9985626935958862,"encoder/recon_cosine":0.9985760092735291,"encoder/alpha_r2":0.9692205190658569,"n_folds":5,"encoder/recon_cosine_fold1":0.9985121488571167,"encoder/alpha_r2_fold4":0.9612184166908264,"_step":5,"encoder/task_auroc_fold2":0.9032986111111111,"encoder/task_auroc_fold3":0.9050347222222221,"_runtime":2701,"encoder/recon_cosine_fold4":0.998457133769989,"encoder/task_auroc_fold0":0.9109375,"encoder/task_auroc_fold4":0.9017361111111111,"M":144,"encoder/alpha_r2_fold3":0.992706835269928,"_timestamp":1.7758889106353974e+09,"encoder/recon_cosine_fold0":0.9986332654953003,"encoder/alpha_r2_fold1":0.9578913450241089,"S":11,"n_samples":300,"encoder/recon_cosine_fold3":0.998714804649353}