{"encoder/alpha_r2_fold1":-5.367037773132324,"encoder/recon_cosine_fold4":-0.0069968970492482185,"encoder/alpha_r2_fold0":-10.717110633850098,"encoder/task_auroc_fold2":0.8954861111111111,"encoder/alpha_r2_fold3":-7.701815605163574,"_runtime":54,"M":144,"n_samples":300,"encoder/task_auroc_fold3":0.9024305555555555,"S":11,"_wandb":{"runtime":54},"encoder/task_auroc_fold1":0.9246527777777779,"encoder/alpha_r2_fold4":-9.19870662689209,"_timestamp":1.7758171202985463e+09,"encoder/recon_cosine_fold0":0.003978224005550146,"_step":5,"encoder/alpha_r2_fold2":-11.707257270812988,"encoder/recon_cosine_fold3":0.030112946406006813,"encoder/recon_cosine":0.0072435252368450165,"n_folds":5,"encoder/task_auroc":0.9056597222222222,"encoder/recon_cosine_fold1":-0.007096043322235346,"encoder/recon_cosine_fold2":0.016219396144151688,"encoder/task_auroc_fold0":0.9098958333333333,"encoder/task_auroc_fold4":0.8958333333333334,"encoder/alpha_r2":-8.938385581970214}