{"M":144,"_runtime":8688,"S":11,"encoder/recon_cosine_fold0":0.03221224993467331,"n_samples":300,"_timestamp":1.7758746876240537e+09,"_wandb":{"runtime":8688},"encoder/alpha_r2_fold1":0.9970408082008362,"encoder/alpha_r2_fold4":0.9783263206481934,"n_folds":5,"encoder/task_auroc_fold3":0.904513888888889,"encoder/alpha_r2_fold2":0.9896571040153503,"encoder/alpha_r2_fold3":0.9889602661132812,"encoder/recon_cosine_fold2":0.03557785972952843,"encoder/recon_cosine_fold4":0.04141015186905861,"encoder/task_auroc_fold2":0.8921875,"encoder/recon_cosine_fold1":-0.0229972992092371,"encoder/alpha_r2":0.9881475567817688,"encoder/task_auroc":0.9048263888888888,"encoder/task_auroc_fold1":0.921701388888889,"encoder/alpha_r2_fold0":0.9867532849311829,"encoder/task_auroc_fold0":0.914236111111111,"encoder/recon_cosine_fold3":-0.03418447822332382,"_step":5,"encoder/recon_cosine":0.010403696820139885,"encoder/task_auroc_fold4":0.8914930555555556}