{"_runtime":386,"encoder/task_auroc_fold1":0.9239583333333332,"encoder/recon_cosine_fold3":0.9913845062255859,"_timestamp":1.7758934530034113e+09,"encoder/alpha_r2_fold3":-0.0125579833984375,"encoder/alpha_r2_fold2":-0.02506577968597412,"encoder/task_auroc_fold2":0.9053819444444444,"_step":5,"encoder/task_auroc_fold0":0.9168402777777779,"n_folds":5,"encoder/alpha_r2_fold1":-0.002991318702697754,"encoder/task_auroc_fold4":0.904513888888889,"encoder/alpha_r2_fold4":-0.00025844573974609375,"encoder/alpha_r2":-0.00818648338317871,"n_samples":300,"encoder/recon_cosine_fold4":0.9904353022575378,"encoder/task_auroc_fold3":0.9017361111111111,"encoder/recon_cosine_fold2":0.9892688393592834,"encoder/recon_cosine":0.9909709215164184,"encoder/task_auroc":0.9104861111111111,"_wandb":{"runtime":386},"M":144,"encoder/recon_cosine_fold1":0.9922160506248474,"encoder/recon_cosine_fold0":0.9915499091148376,"S":11,"encoder/alpha_r2_fold0":-5.888938903808594e-05}