{"encoder/alpha_r2_fold3":0.909451425075531,"encoder/task_auroc_fold1":0.9248263888888889,"encoder/task_auroc_fold4":0.9086805555555555,"encoder/task_auroc_fold0":0.9085069444444445,"encoder/alpha_r2_fold0":0.9303581118583679,"encoder/task_auroc":0.9065625,"_wandb":{"runtime":4715},"S":11,"encoder/recon_cosine_fold0":0.9914321303367615,"encoder/recon_cosine_fold1":0.9914634823799133,"encoder/alpha_r2":0.913589358329773,"encoder/alpha_r2_fold1":0.9272556900978088,"encoder/task_auroc_fold2":0.8810763888888887,"encoder/recon_cosine":0.9913017630577088,"_timestamp":1.7759070782588577e+09,"n_folds":5,"M":144,"encoder/alpha_r2_fold4":0.8871617317199707,"encoder/recon_cosine_fold3":0.9901847243309021,"_step":5,"encoder/recon_cosine_fold2":0.9915258884429932,"encoder/task_auroc_fold3":0.9097222222222223,"encoder/alpha_r2_fold2":0.9137198328971863,"_runtime":4715,"encoder/recon_cosine_fold4":0.9919025897979736,"n_samples":300}