{"encoder/task_auroc":0.9088888888888891,"encoder/alpha_r2_fold3":-0.0125579833984375,"encoder/alpha_r2_fold4":-0.00025844573974609375,"n_folds":5,"encoder/recon_cosine_fold3":0.9986125826835632,"encoder/recon_cosine_fold0":0.9986511468887329,"n_samples":300,"_wandb":{"runtime":2917},"encoder/task_auroc_fold1":0.9230902777777779,"encoder/task_auroc_fold0":0.9114583333333333,"encoder/task_auroc_fold2":0.898263888888889,"M":144,"encoder/alpha_r2_fold1":-0.002991318702697754,"encoder/recon_cosine":0.9986225605010987,"encoder/alpha_r2_fold2":-0.02506577968597412,"_timestamp":1.7758643876190066e+09,"_step":5,"encoder/alpha_r2_fold0":-5.888938903808594e-05,"encoder/recon_cosine_fold1":0.9985917806625366,"encoder/recon_cosine_fold2":0.9986293315887451,"encoder/task_auroc_fold3":0.9092013888888889,"encoder/alpha_r2":-0.00818648338317871,"S":11,"encoder/task_auroc_fold4":0.9024305555555557,"_runtime":2917,"encoder/recon_cosine_fold4":0.9986279606819153}