{"encoder/task_auroc":0.9094791666666666,"encoder/alpha_r2":-0.00818648338317871,"encoder/recon_cosine_fold2":0.002085267100483179,"_wandb":{"runtime":401},"encoder/recon_cosine_fold0":-0.018121637403964996,"encoder/alpha_r2_fold3":-0.0125579833984375,"encoder/task_auroc_fold4":0.9013888888888889,"S":11,"encoder/recon_cosine_fold1":0.028440603986382484,"encoder/alpha_r2_fold2":-0.02506577968597412,"encoder/recon_cosine_fold3":-0.04453614726662636,"encoder/alpha_r2_fold1":-0.002991318702697754,"encoder/task_auroc_fold0":0.9159722222222222,"encoder/recon_cosine_fold4":-0.005929833278059959,"encoder/task_auroc_fold1":0.927951388888889,"n_folds":5,"n_samples":300,"encoder/alpha_r2_fold4":-0.00025844573974609375,"encoder/task_auroc_fold2":0.904513888888889,"_runtime":401,"encoder/alpha_r2_fold0":-5.888938903808594e-05,"encoder/recon_cosine":-0.00761234937235713,"_step":5,"encoder/task_auroc_fold3":0.8975694444444444,"M":144,"_timestamp":1.7759023458218284e+09}