{"encoder/alpha_r2_fold4":0.9697871804237366,"encoder/recon_cosine_fold2":-0.026669448241591454,"encoder/task_auroc_fold4":0.8947916666666668,"encoder/alpha_r2_fold1":0.9735139012336731,"encoder/task_auroc_fold3":0.9029513888888889,"encoder/recon_cosine_fold3":0.001065421849489212,"M":144,"encoder/alpha_r2_fold0":0.9759171605110168,"_step":5,"encoder/alpha_r2":0.9705181121826172,"_timestamp":1.7758535187249506e+09,"n_samples":300,"encoder/recon_cosine_fold4":0.004930152557790279,"encoder/task_auroc_fold0":0.8958333333333333,"encoder/recon_cosine":-0.008807587251067162,"encoder/alpha_r2_fold2":0.9591731429100037,"encoder/recon_cosine_fold0":-0.017451904714107513,"_wandb":{"runtime":1583},"encoder/task_auroc_fold1":0.9300347222222223,"encoder/task_auroc":0.9034375000000001,"n_folds":5,"_runtime":1583,"encoder/recon_cosine_fold1":-0.005912157706916332,"encoder/alpha_r2_fold3":0.9741991758346558,"encoder/task_auroc_fold2":0.8935763888888889,"S":11}