{"encoder/alpha_r2_fold2":-0.02506577968597412,"encoder/task_auroc_fold1":0.9171875,"S":11,"_runtime":310,"encoder/recon_cosine_fold1":0.02075175754725933,"encoder/task_auroc_fold3":0.8958333333333333,"_step":5,"encoder/alpha_r2_fold1":-0.002991318702697754,"encoder/alpha_r2_fold0":-5.888938903808594e-05,"n_folds":5,"encoder/task_auroc_fold2":0.9145833333333332,"encoder/task_auroc":0.9090277777777777,"M":144,"encoder/recon_cosine_fold4":-0.007424750830978155,"encoder/alpha_r2_fold4":-0.00025844573974609375,"encoder/task_auroc_fold0":0.9151041666666666,"encoder/alpha_r2_fold3":-0.0125579833984375,"n_samples":300,"encoder/recon_cosine":0.015488022658973932,"_wandb":{"runtime":310},"encoder/alpha_r2":-0.00818648338317871,"_timestamp":1.775893045857408e+09,"encoder/task_auroc_fold4":0.9024305555555555,"encoder/recon_cosine_fold3":-0.007004266604781151,"encoder/recon_cosine_fold0":0.07681131362915039,"encoder/recon_cosine_fold2":-0.005693940445780754}