{"encoder/alpha_r2":-0.00818648338317871,"encoder/alpha_r2_fold1":-0.002991318702697754,"_wandb":{"runtime":2940},"encoder/task_auroc_fold1":0.9184027777777779,"encoder/alpha_r2_fold2":-0.02506577968597412,"S":11,"_timestamp":1.7758242975029657e+09,"encoder/task_auroc":0.9075694444444444,"encoder/task_auroc_fold2":0.8958333333333334,"encoder/alpha_r2_fold3":-0.0125579833984375,"encoder/recon_cosine_fold1":-0.00530833238735795,"_runtime":2940,"encoder/task_auroc_fold0":0.90625,"encoder/alpha_r2_fold0":-5.888938903808594e-05,"encoder/recon_cosine_fold3":-0.009679167531430721,"encoder/recon_cosine_fold0":0.03900127485394478,"encoder/recon_cosine_fold2":-0.00498123187571764,"encoder/task_auroc_fold3":0.9104166666666668,"_step":5,"n_samples":300,"encoder/recon_cosine_fold4":-0.0005044363788329065,"n_folds":5,"encoder/alpha_r2_fold4":-0.00025844573974609375,"M":144,"encoder/task_auroc_fold4":0.9069444444444443,"encoder/recon_cosine":0.003705621336121112}