{"encoder/alpha_r2_fold1":0.9821814298629761,"_wandb":{"runtime":3158},"encoder/recon_cosine_fold1":-0.0026610230561345816,"encoder/recon_cosine_fold4":-0.02758730575442314,"encoder/alpha_r2_fold2":0.9425231218338013,"encoder/task_auroc_fold3":0.9086805555555555,"encoder/alpha_r2_fold4":0.959084153175354,"n_samples":300,"encoder/alpha_r2_fold3":0.9784233570098877,"n_folds":5,"encoder/recon_cosine_fold2":0.0337885357439518,"_timestamp":1.7758772380362532e+09,"encoder/alpha_r2_fold0":0.9773682355880737,"encoder/recon_cosine_fold0":0.03006500005722046,"encoder/task_auroc_fold2":0.8909722222222223,"encoder/recon_cosine_fold3":-0.02719247341156006,"M":144,"encoder/task_auroc_fold0":0.9114583333333334,"encoder/alpha_r2":0.9679160594940186,"_runtime":3158,"encoder/task_auroc_fold4":0.9008680555555557,"encoder/recon_cosine":0.001282546715810895,"S":11,"encoder/task_auroc":0.9053125000000002,"encoder/task_auroc_fold1":0.9145833333333334,"_step":5}