{"encoder/alpha_r2_fold3":-0.0125579833984375,"_timestamp":1.7758527008307784e+09,"encoder/recon_cosine_fold4":0.9985220432281494,"_step":5,"encoder/task_auroc_fold4":0.907986111111111,"S":11,"encoder/task_auroc_fold2":0.8984375,"n_folds":5,"M":144,"encoder/recon_cosine":0.9986290097236633,"encoder/alpha_r2_fold4":-0.00025844573974609375,"encoder/task_auroc_fold1":0.9277777777777778,"encoder/task_auroc_fold0":0.9260416666666667,"encoder/task_auroc":0.9143402777777778,"encoder/task_auroc_fold3":0.9114583333333334,"encoder/alpha_r2_fold0":-5.888938903808594e-05,"_runtime":2685,"encoder/alpha_r2_fold1":-0.002991318702697754,"encoder/recon_cosine_fold0":0.9987052083015442,"encoder/alpha_r2_fold2":-0.02506577968597412,"encoder/recon_cosine_fold1":0.9985791444778442,"encoder/recon_cosine_fold3":0.9988032579421997,"encoder/alpha_r2":-0.00818648338317871,"n_samples":300,"encoder/recon_cosine_fold2":0.9985353946685791,"_wandb":{"runtime":2685}}