{"encoder/task_auroc":0.9053472222222222,"encoder/task_auroc_fold0":0.9076388888888889,"encoder/recon_cosine_fold1":0.9973466992378235,"encoder/alpha_r2_fold3":0.9691922664642334,"n_samples":300,"_wandb":{"runtime":10},"_timestamp":1.7758170499751446e+09,"encoder/alpha_r2":0.9686303257942199,"encoder/recon_cosine_fold2":0.9974518418312073,"n_folds":5,"encoder/alpha_r2_fold0":0.9507862329483032,"encoder/alpha_r2_fold4":0.9775339961051941,"encoder/task_auroc_fold1":0.9223958333333334,"M":144,"encoder/recon_cosine":0.9971473932266235,"encoder/task_auroc_fold3":0.8993055555555556,"encoder/recon_cosine_fold4":0.9964998364448547,"encoder/task_auroc_fold4":0.9027777777777779,"_step":5,"encoder/recon_cosine_fold0":0.9973655939102173,"_runtime":10,"encoder/alpha_r2_fold2":0.9595086574554443,"encoder/recon_cosine_fold3":0.9970729947090149,"encoder/alpha_r2_fold1":0.9861304759979248,"encoder/task_auroc_fold2":0.8946180555555555,"S":11}