{"encoder/task_auroc_fold2":0.5125,"encoder/alpha_r2_fold0":-5.888938903808594e-05,"n_folds":5,"M":144,"_step":5,"encoder/task_auroc":0.4921527777777778,"encoder/alpha_r2_fold3":-0.0125579833984375,"n_samples":300,"encoder/recon_cosine_fold1":0.9985809326171875,"encoder/alpha_r2_fold2":-0.02506577968597412,"encoder/recon_cosine":0.998632800579071,"S":11,"encoder/alpha_r2_fold4":-0.00025844573974609375,"encoder/task_auroc_fold3":0.5368055555555555,"encoder/recon_cosine_fold4":0.998564600944519,"_timestamp":1.7758555808397284e+09,"_wandb":{"runtime":2848},"_runtime":2848,"encoder/recon_cosine_fold2":0.998516321182251,"encoder/alpha_r2":-0.00818648338317871,"encoder/task_auroc_fold1":0.5,"encoder/recon_cosine_fold0":0.9986599683761597,"encoder/alpha_r2_fold1":-0.002991318702697754,"encoder/task_auroc_fold4":0.4960069444444445,"encoder/task_auroc_fold0":0.41545138888888894,"encoder/recon_cosine_fold3":0.998842179775238}