{"encoder/recon_cosine_fold4":0.007310906890779734,"encoder/alpha_r2_fold3":0.9538468718528748,"S":11,"encoder/task_auroc":0.9077777777777779,"encoder/recon_cosine":0.013547042571008205,"encoder/recon_cosine_fold3":0.02139606513082981,"_wandb":{"runtime":23},"n_samples":300,"n_folds":5,"_step":5,"encoder/task_auroc_fold0":0.9034722222222221,"encoder/recon_cosine_fold0":0.02911241166293621,"encoder/task_auroc_fold4":0.915625,"M":144,"_runtime":23,"encoder/task_auroc_fold2":0.89375,"encoder/recon_cosine_fold1":0.002226649783551693,"encoder/task_auroc_fold3":0.9098958333333333,"encoder/alpha_r2_fold2":0.8498210310935974,"encoder/alpha_r2_fold0":0.7674160003662109,"encoder/recon_cosine_fold2":0.007689179386943579,"encoder/alpha_r2_fold4":0.8831106424331665,"encoder/alpha_r2":0.8651275873184204,"encoder/alpha_r2_fold1":0.8714433908462524,"encoder/task_auroc_fold1":0.9161458333333332,"_timestamp":1.7758180131877074e+09}