{"_wandb":{"runtime":2871},"_step":5,"encoder/task_auroc_fold0":0.9149305555555556,"encoder/recon_cosine_fold2":0.017440717667341232,"encoder/alpha_r2_fold3":-0.0125579833984375,"encoder/alpha_r2_fold1":-0.002991318702697754,"encoder/alpha_r2_fold0":-5.888938903808594e-05,"encoder/alpha_r2":-0.00818648338317871,"encoder/task_auroc":0.9086458333333333,"S":11,"encoder/recon_cosine":-5.055470392107963e-05,"_runtime":2871,"_timestamp":1.7758271807364728e+09,"encoder/task_auroc_fold1":0.913888888888889,"encoder/recon_cosine_fold3":-0.006612516939640045,"encoder/task_auroc_fold2":0.904513888888889,"encoder/alpha_r2_fold2":-0.02506577968597412,"encoder/recon_cosine_fold4":-0.011142493225634098,"encoder/task_auroc_fold4":0.9085069444444445,"encoder/alpha_r2_fold4":-0.00025844573974609375,"n_folds":5,"encoder/recon_cosine_fold0":0.007547041401267052,"encoder/recon_cosine_fold1":-0.007485522422939539,"encoder/task_auroc_fold3":0.9013888888888889,"M":144,"n_samples":300}