{"encoder/recon_cosine_fold3":0.9986217021942139,"encoder/alpha_r2_fold0":0.96314537525177,"encoder/alpha_r2_fold2":0.9784926772117615,"_runtime":9478,"encoder/recon_cosine_fold0":0.998778760433197,"encoder/alpha_r2_fold1":0.9846680164337158,"n_folds":5,"encoder/recon_cosine_fold1":0.9986448287963867,"encoder/task_auroc_fold2":0.9005208333333332,"encoder/alpha_r2":0.9783837199211121,"M":144,"_timestamp":1.7758872969998956e+09,"encoder/recon_cosine_fold4":0.9985690712928772,"_step":5,"encoder/task_auroc_fold1":0.9206597222222224,"S":11,"encoder/task_auroc_fold4":0.9071180555555557,"encoder/task_auroc":0.9089583333333333,"n_samples":300,"encoder/recon_cosine_fold2":0.9985961318016052,"encoder/task_auroc_fold0":0.9144097222222222,"encoder/alpha_r2_fold3":0.979151725769043,"_wandb":{"runtime":9478},"encoder/task_auroc_fold3":0.9020833333333333,"encoder/recon_cosine":0.998642098903656,"encoder/alpha_r2_fold4":0.98646080493927}