{"encoder/recon_cosine_fold1":0.9985830187797546,"S":11,"encoder/alpha_r2_fold4":-0.00025844573974609375,"encoder/alpha_r2":-0.00818648338317871,"_step":5,"_wandb":{"runtime":2896},"encoder/recon_cosine":0.9986207365989686,"n_folds":5,"encoder/recon_cosine_fold0":0.9986400008201599,"encoder/recon_cosine_fold3":0.9987021684646606,"encoder/alpha_r2_fold3":-0.0125579833984375,"encoder/alpha_r2_fold2":-0.02506577968597412,"encoder/task_auroc_fold3":0.9041666666666666,"encoder/task_auroc_fold2":0.8946180555555557,"encoder/recon_cosine_fold4":0.9986040592193604,"encoder/alpha_r2_fold0":-5.888938903808594e-05,"encoder/recon_cosine_fold2":0.998574435710907,"encoder/task_auroc_fold4":0.903125,"_runtime":2896,"_timestamp":1.7758416311040707e+09,"encoder/alpha_r2_fold1":-0.002991318702697754,"M":144,"encoder/task_auroc_fold0":0.9081597222222223,"encoder/task_auroc_fold1":0.9223958333333334,"encoder/task_auroc":0.9064930555555556,"n_samples":300}