{"encoder/recon_cosine_fold2":0.9984360337257385,"encoder/recon_cosine_fold4":0.998489260673523,"encoder/task_auroc_fold4":0.9019097222222221,"n_folds":5,"encoder/alpha_r2_fold2":-0.02506577968597412,"encoder/alpha_r2_fold4":-0.00025844573974609375,"encoder/recon_cosine_fold0":0.9986042380332947,"encoder/recon_cosine":0.9985686421394349,"encoder/task_auroc":0.9067013888888888,"M":144,"S":11,"_runtime":2845,"_wandb":{"runtime":2845},"encoder/alpha_r2_fold3":-0.0125579833984375,"encoder/alpha_r2_fold1":-0.002991318702697754,"encoder/task_auroc_fold2":0.8980902777777777,"_step":5,"encoder/task_auroc_fold1":0.9241319444444445,"encoder/alpha_r2_fold0":-5.888938903808594e-05,"encoder/recon_cosine_fold1":0.9985226392745972,"encoder/task_auroc_fold0":0.9151041666666666,"n_samples":300,"encoder/task_auroc_fold3":0.8942708333333333,"_timestamp":1.7758357525182266e+09,"encoder/recon_cosine_fold3":0.9987910389900208,"encoder/alpha_r2":-0.00818648338317871}