{"encoder/recon_cosine_fold1":0.9982773065567017,"encoder/recon_cosine_fold3":0.9983227849006653,"encoder/task_auroc_fold3":0.9067708333333332,"encoder/task_auroc_fold0":0.9142361111111112,"encoder/task_auroc_fold2":0.8902777777777778,"_runtime":5018,"_timestamp":1.7758392622236428e+09,"encoder/recon_cosine_fold4":0.9982805848121643,"n_folds":5,"encoder/task_auroc_fold1":0.922048611111111,"encoder/recon_cosine_fold2":0.9983314871788025,"encoder/alpha_r2_fold4":-0.00025844573974609375,"encoder/recon_cosine":0.9983241081237793,"n_samples":300,"encoder/alpha_r2":-0.00818648338317871,"encoder/alpha_r2_fold0":-5.888938903808594e-05,"encoder/recon_cosine_fold0":0.9984083771705627,"encoder/alpha_r2_fold3":-0.0125579833984375,"encoder/task_auroc_fold4":0.9081597222222223,"M":144,"_wandb":{"runtime":5018},"encoder/alpha_r2_fold1":-0.002991318702697754,"encoder/task_auroc":0.9082986111111111,"_step":5,"encoder/alpha_r2_fold2":-0.02506577968597412,"S":11}