{"encoder/recon_cosine_fold0":0.9986216425895691,"_timestamp":1.7758472741029913e+09,"encoder/alpha_r2_fold2":-0.02506577968597412,"encoder/recon_cosine":0.9986176252365112,"encoder/task_auroc_fold2":0.8909722222222223,"n_folds":5,"encoder/task_auroc_fold4":0.8970486111111111,"encoder/recon_cosine_fold2":0.9986035823822021,"M":144,"encoder/alpha_r2_fold1":-0.002991318702697754,"_runtime":2703,"encoder/alpha_r2_fold4":-0.00025844573974609375,"S":11,"encoder/recon_cosine_fold4":0.9985777139663696,"encoder/task_auroc_fold3":0.9095486111111111,"encoder/recon_cosine_fold3":0.9987736344337463,"_step":5,"encoder/alpha_r2":-0.00818648338317871,"_wandb":{"runtime":2703},"encoder/task_auroc_fold0":0.9154513888888889,"encoder/alpha_r2_fold3":-0.0125579833984375,"encoder/task_auroc":0.9065624999999999,"encoder/recon_cosine_fold1":0.998511552810669,"encoder/alpha_r2_fold0":-5.888938903808594e-05,"encoder/task_auroc_fold1":0.9197916666666666,"n_samples":300}