{"encoder/task_auroc_fold2":0.5439236111111112,"encoder/alpha_r2_fold0":-5.888938903808594e-05,"encoder/task_auroc_fold4":0.4347222222222221,"encoder/task_auroc_fold0":0.49548611111111107,"n_samples":300,"encoder/task_auroc_fold1":0.48107638888888893,"encoder/task_auroc_fold3":0.5930555555555556,"encoder/task_auroc":0.5096527777777778,"encoder/alpha_r2_fold2":-0.02506577968597412,"encoder/recon_cosine_fold4":0.9985715746879578,"_step":5,"S":11,"encoder/alpha_r2_fold1":-0.002991318702697754,"encoder/recon_cosine_fold3":0.9988260865211487,"encoder/alpha_r2_fold4":-0.00025844573974609375,"encoder/alpha_r2":-0.00818648338317871,"_wandb":{"runtime":2772},"encoder/recon_cosine_fold1":0.9985584020614624,"_timestamp":1.7758328855133798e+09,"encoder/recon_cosine_fold2":0.9985333681106567,"M":144,"encoder/alpha_r2_fold3":-0.0125579833984375,"encoder/recon_cosine_fold0":0.9986377954483032,"encoder/recon_cosine":0.9986254453659058,"_runtime":2772,"n_folds":5}