{"encoder/recon_cosine_fold0":0.9983755946159363,"encoder/alpha_r2_fold0":0.8316606283187866,"encoder/task_auroc_fold1":0.9225694444444444,"n_samples":300,"encoder/task_auroc_fold2":0.8927083333333334,"_runtime":16,"encoder/task_auroc":0.9057291666666666,"encoder/recon_cosine_fold4":0.9982644319534302,"encoder/alpha_r2":0.8574366450309754,"n_folds":5,"_step":5,"encoder/recon_cosine_fold1":0.9980801343917847,"encoder/alpha_r2_fold3":0.8599839210510254,"encoder/task_auroc_fold4":0.9019097222222221,"encoder/alpha_r2_fold2":0.8704707622528076,"S":11,"M":144,"encoder/recon_cosine":0.9983115673065186,"encoder/recon_cosine_fold3":0.9985970258712769,"encoder/task_auroc_fold0":0.9067708333333334,"_wandb":{"runtime":16},"_timestamp":1.775821257308904e+09,"encoder/recon_cosine_fold2":0.9982406497001648,"encoder/task_auroc_fold3":0.9046875,"encoder/alpha_r2_fold4":0.87154620885849,"encoder/alpha_r2_fold1":0.8535217046737671}