{"S":11,"encoder/recon_cosine":0.9985978007316589,"n_samples":300,"encoder/task_auroc_fold2":0.8881944444444446,"encoder/recon_cosine_fold1":0.9986324310302734,"n_folds":5,"encoder/recon_cosine_fold0":0.998603880405426,"encoder/task_auroc_fold1":0.9151041666666666,"encoder/task_auroc_fold3":0.896701388888889,"encoder/recon_cosine_fold3":0.9987262487411499,"M":144,"encoder/recon_cosine_fold4":0.9984675645828247,"encoder/recon_cosine_fold2":0.9985588788986206,"encoder/alpha_r2_fold0":0.9694515466690063,"_timestamp":1.7758861919387848e+09,"encoder/alpha_r2_fold2":0.9726172089576721,"encoder/alpha_r2_fold1":0.9834939241409302,"encoder/task_auroc_fold4":0.8925347222222223,"encoder/alpha_r2_fold4":0.9758235812187195,"_runtime":2942,"_step":5,"encoder/task_auroc":0.8993055555555556,"encoder/task_auroc_fold0":0.9039930555555555,"encoder/alpha_r2_fold3":0.9769191741943359,"encoder/alpha_r2":0.9756610870361329,"_wandb":{"runtime":2942}}