{"encoder/recon_cosine_fold2":0.0156699288636446,"encoder/alpha_r2_fold0":-5.888938903808594e-05,"encoder/task_auroc_fold4":0.9032986111111111,"encoder/recon_cosine":0.0009322624886408448,"_runtime":23,"encoder/recon_cosine_fold4":0.005663049407303333,"encoder/recon_cosine_fold0":0.016358885914087296,"encoder/alpha_r2_fold4":-0.00025844573974609375,"_step":5,"encoder/alpha_r2":-0.00818648338317871,"n_folds":5,"M":144,"encoder/task_auroc_fold0":0.915625,"encoder/task_auroc_fold3":0.903125,"encoder/task_auroc_fold1":0.896875,"S":11,"_wandb":{"runtime":23},"n_samples":300,"encoder/alpha_r2_fold1":-0.002991318702697754,"encoder/alpha_r2_fold2":-0.02506577968597412,"encoder/recon_cosine_fold3":-0.03222714737057686,"encoder/alpha_r2_fold3":-0.0125579833984375,"encoder/recon_cosine_fold1":-0.0008034043712541461,"encoder/task_auroc":0.9035763888888889,"_timestamp":1.7758212966280868e+09,"encoder/task_auroc_fold2":0.8989583333333334}