{"_step":5,"encoder/recon_cosine_fold4":-0.02226555161178112,"n_samples":300,"_runtime":3453,"encoder/recon_cosine_fold3":-0.019689016044139862,"encoder/alpha_r2_fold2":0.9944167733192444,"encoder/task_auroc_fold4":0.8690972222222223,"encoder/recon_cosine_fold1":-0.018270889297127724,"encoder/recon_cosine_fold2":0.0459943562746048,"encoder/alpha_r2_fold1":0.9883926510810852,"M":144,"encoder/alpha_r2":0.9836864471435547,"n_folds":5,"S":11,"encoder/task_auroc_fold1":0.9229166666666666,"encoder/task_auroc":0.8771527777777777,"_wandb":{"runtime":3453},"encoder/task_auroc_fold3":0.9032986111111111,"encoder/task_auroc_fold2":0.7782986111111112,"encoder/alpha_r2_fold0":0.9562528729438782,"encoder/alpha_r2_fold3":0.9883421063423157,"_timestamp":1.7758978941574154e+09,"encoder/task_auroc_fold0":0.9121527777777777,"encoder/alpha_r2_fold4":0.99102783203125,"encoder/recon_cosine":-0.010877587646245957,"encoder/recon_cosine_fold0":-0.04015683755278587}