{"encoder/task_auroc":0.9086458333333333,"encoder/recon_cosine":0.9985458135604859,"n_folds":5,"encoder/recon_cosine_fold2":0.9985103607177734,"encoder/task_auroc_fold3":0.9013888888888889,"encoder/task_auroc_fold4":0.9020833333333333,"encoder/task_auroc_fold2":0.9048611111111111,"_timestamp":1.7758832250730479e+09,"encoder/alpha_r2_fold2":0.9948423504829407,"S":11,"_runtime":2965,"encoder/recon_cosine_fold3":0.9987276196479797,"encoder/alpha_r2_fold0":0.9879077672958374,"encoder/alpha_r2_fold4":0.9818368554115295,"encoder/alpha_r2_fold1":0.9813028573989868,"M":144,"_wandb":{"runtime":2965},"encoder/recon_cosine_fold0":0.9985445737838745,"encoder/recon_cosine_fold1":0.9985063076019287,"n_samples":300,"encoder/task_auroc_fold0":0.9133680555555556,"encoder/recon_cosine_fold4":0.9984402060508728,"encoder/alpha_r2":0.9863864660263062,"encoder/alpha_r2_fold3":0.9860424995422363,"_step":5,"encoder/task_auroc_fold1":0.9215277777777778}