{"encoder/alpha_r2_fold3":0.9291703701019287,"encoder/alpha_r2":0.9556500554084778,"encoder/recon_cosine_fold3":0.004338643979281187,"encoder/task_auroc_fold2":0.898611111111111,"n_folds":5,"_wandb":{"runtime":6425},"_step":5,"encoder/task_auroc_fold0":0.912326388888889,"encoder/task_auroc":0.9060763888888888,"_runtime":6425,"_timestamp":1.7758307437327163e+09,"encoder/recon_cosine_fold0":0.009924763813614845,"encoder/alpha_r2_fold4":0.9595194458961487,"encoder/alpha_r2_fold0":0.9816766381263733,"encoder/task_auroc_fold4":0.8940972222222221,"encoder/recon_cosine_fold1":-0.003498601261526346,"S":11,"encoder/recon_cosine_fold2":-0.01772749237716198,"n_samples":300,"encoder/alpha_r2_fold1":0.9460936784744263,"encoder/recon_cosine":0.003341669775545597,"encoder/task_auroc_fold3":0.9024305555555555,"encoder/recon_cosine_fold4":0.02367103472352028,"encoder/task_auroc_fold1":0.9229166666666666,"M":144,"encoder/alpha_r2_fold2":0.961790144443512}