{"_wandb":{"runtime":1942},"encoder/task_auroc_fold2":0.8901041666666668,"M":144,"_runtime":1942,"encoder/recon_cosine_fold4":0.004581653047353029,"encoder/recon_cosine":-0.024571246933192015,"encoder/recon_cosine_fold3":-0.014041485264897346,"encoder/task_auroc_fold0":0.9076388888888889,"encoder/alpha_r2_fold4":-0.00025844573974609375,"_timestamp":1.7759019216545532e+09,"encoder/task_auroc_fold1":0.9262152777777777,"encoder/recon_cosine_fold2":-0.014715690165758133,"encoder/task_auroc_fold3":0.9020833333333332,"encoder/alpha_r2_fold3":-0.0125579833984375,"encoder/recon_cosine_fold0":-0.0535365454852581,"n_folds":5,"encoder/recon_cosine_fold1":-0.04514416679739952,"encoder/alpha_r2_fold1":-0.002991318702697754,"encoder/task_auroc":0.9076736111111112,"n_samples":300,"_step":5,"encoder/alpha_r2_fold0":-5.888938903808594e-05,"S":11,"encoder/alpha_r2":-0.00818648338317871,"encoder/alpha_r2_fold2":-0.02506577968597412,"encoder/task_auroc_fold4":0.912326388888889}