{"n_folds":5,"encoder/task_auroc_fold2":0.8927083333333334,"M":144,"encoder/recon_cosine":0.0024932634085416796,"encoder/alpha_r2_fold3":0.9915677309036255,"encoder/alpha_r2_fold4":0.9868022799491882,"encoder/alpha_r2_fold2":0.9799570441246033,"_step":5,"encoder/recon_cosine_fold2":-0.029283281415700912,"_wandb":{"runtime":2044},"encoder/task_auroc":0.9054166666666668,"encoder/recon_cosine_fold4":-0.03489376977086067,"encoder/alpha_r2":0.9841786026954651,"encoder/alpha_r2_fold0":0.9844798445701599,"_runtime":2044,"encoder/task_auroc_fold4":0.8977430555555556,"n_samples":300,"encoder/task_auroc_fold1":0.9194444444444445,"encoder/recon_cosine_fold1":-0.010068165138363838,"encoder/alpha_r2_fold1":0.9780861139297485,"encoder/recon_cosine_fold0":0.035537198185920715,"_timestamp":1.7758999581971052e+09,"encoder/task_auroc_fold3":0.9005208333333334,"encoder/recon_cosine_fold3":0.051174335181713104,"S":11,"encoder/task_auroc_fold0":0.9166666666666666}