{"encoder/recon_cosine_fold4":0.998699963092804,"encoder/recon_cosine_fold1":0.9986313581466675,"n_samples":300,"M":144,"n_folds":5,"encoder/task_auroc_fold3":0.9039930555555555,"_step":5,"encoder/task_auroc_fold0":0.9065972222222222,"encoder/alpha_r2_fold4":0.9911368489265442,"_runtime":934,"encoder/alpha_r2_fold3":0.9875025153160095,"encoder/alpha_r2":0.9918733358383178,"encoder/recon_cosine_fold2":0.9986057877540588,"encoder/recon_cosine_fold3":0.998820960521698,"encoder/recon_cosine_fold0":0.9986900091171265,"encoder/task_auroc_fold1":0.8262152777777778,"encoder/recon_cosine":0.998689615726471,"encoder/task_auroc_fold4":0.9020833333333333,"encoder/alpha_r2_fold2":0.9917411208152771,"S":11,"encoder/alpha_r2_fold1":0.9954838156700134,"_wandb":{"runtime":934},"encoder/alpha_r2_fold0":0.9935023784637451,"encoder/task_auroc":0.8870833333333333,"encoder/task_auroc_fold2":0.8965277777777777,"_timestamp":1.7759080260249753e+09}