{"_wandb":{"runtime":24},"encoder/task_auroc_fold1":0.9171875,"encoder/alpha_r2_fold1":0.9773478507995605,"encoder/alpha_r2_fold4":0.9902268052101135,"S":11,"M":144,"encoder/alpha_r2":0.9840106248855591,"encoder/alpha_r2_fold3":0.9915357828140259,"_step":5,"encoder/recon_cosine_fold3":0.9983740448951721,"encoder/task_auroc_fold4":0.9010416666666667,"encoder/recon_cosine_fold2":0.9983882308006287,"encoder/recon_cosine_fold1":0.9985982179641724,"encoder/task_auroc_fold2":0.8954861111111111,"_runtime":24,"encoder/recon_cosine_fold4":0.9985751509666443,"n_folds":5,"encoder/task_auroc":0.9036805555555556,"n_samples":300,"encoder/task_auroc_fold3":0.9038194444444445,"encoder/recon_cosine_fold0":0.9985175728797913,"encoder/task_auroc_fold0":0.9008680555555555,"encoder/alpha_r2_fold0":0.970914900302887,"encoder/alpha_r2_fold2":0.9900277853012085,"_timestamp":1.7758179774178994e+09,"encoder/recon_cosine":0.9984906435012817}