{"encoder/recon_cosine_fold1":0.01975572481751442,"encoder/alpha_r2_fold2":0.8868498802185059,"encoder/recon_cosine_fold4":0.03247854486107826,"n_folds":5,"encoder/alpha_r2_fold0":0.876492440700531,"encoder/recon_cosine_fold3":0.02484234608709812,"encoder/recon_cosine_fold0":0.023526549339294434,"encoder/task_auroc_fold3":0.7366319444444444,"_step":5,"encoder/alpha_r2_fold4":0.8823184967041016,"S":11,"encoder/task_auroc_fold4":0.748263888888889,"encoder/recon_cosine_fold2":-0.032964106649160385,"n_samples":300,"encoder/alpha_r2":0.8915804624557495,"encoder/recon_cosine":0.01352781169116497,"encoder/task_auroc_fold2":0.7628472222222222,"encoder/task_auroc_fold1":0.890625,"_runtime":12436,"_timestamp":1.7758659743226151e+09,"encoder/task_auroc":0.770173611111111,"_wandb":{"runtime":12436},"encoder/alpha_r2_fold1":0.89200758934021,"M":144,"encoder/task_auroc_fold0":0.7125,"encoder/alpha_r2_fold3":0.9202339053153992}