{"encoder/task_auroc":0.9017361111111113,"encoder/recon_cosine_fold1":0.9376129508018494,"n_folds":5,"encoder/task_auroc_fold1":0.91875,"encoder/recon_cosine_fold2":0.9511843323707581,"encoder/task_auroc_fold0":0.9072916666666668,"encoder/recon_cosine_fold4":0.9664508104324341,"_timestamp":1.7758171418941967e+09,"encoder/alpha_r2_fold2":0.6043614745140076,"encoder/recon_cosine_fold0":0.96180659532547,"encoder/recon_cosine":0.9496573090553284,"n_samples":300,"_wandb":{"runtime":7},"_runtime":7,"encoder/task_auroc_fold3":0.90625,"encoder/alpha_r2_fold4":0.4567694664001465,"encoder/recon_cosine_fold3":0.9312318563461304,"S":11,"encoder/alpha_r2_fold0":0.7242412567138672,"encoder/alpha_r2_fold3":0.6874927282333374,"_step":5,"encoder/alpha_r2":0.6081809997558594,"encoder/task_auroc_fold2":0.890798611111111,"M":144,"encoder/task_auroc_fold4":0.8855902777777779,"encoder/alpha_r2_fold1":0.5680400729179382}