{"encoder/task_auroc_fold1":0.9244791666666666,"encoder/alpha_r2_fold1":0.9457794427871704,"_wandb":{"runtime":40},"_step":5,"M":144,"encoder/recon_cosine_fold4":0.9906213283538818,"_timestamp":1.7758180935482318e+09,"encoder/task_auroc_fold3":0.9003472222222223,"_runtime":40,"encoder/task_auroc":0.906076388888889,"encoder/recon_cosine_fold2":0.9917144775390625,"encoder/alpha_r2_fold0":0.9646323323249817,"encoder/recon_cosine_fold3":0.9904383420944214,"S":11,"n_samples":300,"encoder/alpha_r2_fold2":0.9454537630081177,"encoder/recon_cosine":0.9912719607353211,"n_folds":5,"encoder/task_auroc_fold4":0.9057291666666666,"encoder/recon_cosine_fold0":0.9939329624176025,"encoder/alpha_r2_fold3":0.8915063738822937,"encoder/recon_cosine_fold1":0.989652693271637,"encoder/alpha_r2_fold4":0.9433897733688354,"encoder/alpha_r2":0.9381523370742798,"encoder/task_auroc_fold2":0.8876736111111111,"encoder/task_auroc_fold0":0.9121527777777778}