{"_step":5,"n_folds":5,"_runtime":36,"M":144,"S":11,"encoder/alpha_r2_fold0":-7.507045745849609,"encoder/recon_cosine_fold0":0.9984657168388367,"encoder/alpha_r2_fold1":-9.286961555480957,"encoder/alpha_r2_fold3":-3.011902332305908,"encoder/task_auroc_fold4":0.8953125,"encoder/alpha_r2_fold2":-3.171231269836426,"encoder/alpha_r2_fold4":-8.793760299682617,"encoder/alpha_r2":-6.354180240631104,"encoder/task_auroc_fold2":0.896701388888889,"encoder/task_auroc_fold1":0.9182291666666668,"encoder/recon_cosine_fold3":0.9985663890838623,"encoder/task_auroc_fold3":0.9092013888888889,"encoder/recon_cosine":0.9984248876571655,"encoder/recon_cosine_fold4":0.9983651041984558,"_timestamp":1.7758181417076497e+09,"n_samples":300,"_wandb":{"runtime":36},"encoder/task_auroc_fold0":0.9078125,"encoder/recon_cosine_fold1":0.998388946056366,"encoder/task_auroc":0.905451388888889,"encoder/recon_cosine_fold2":0.9983382821083069}