{"encoder/task_auroc_fold2":0.9038194444444443,"_runtime":34,"_step":5,"encoder/recon_cosine_fold3":0.9986963272094727,"encoder/alpha_r2_fold1":-0.002991318702697754,"encoder/recon_cosine_fold1":0.9982771277427673,"encoder/alpha_r2_fold3":-0.0125579833984375,"encoder/recon_cosine_fold0":0.9982614517211914,"_wandb":{"runtime":34},"encoder/recon_cosine":0.9983965158462524,"n_samples":300,"S":11,"encoder/task_auroc_fold4":0.9036458333333334,"encoder/task_auroc_fold1":0.9203125,"encoder/recon_cosine_fold2":0.9984570145606995,"encoder/task_auroc_fold3":0.9050347222222221,"encoder/alpha_r2_fold0":-5.888938903808594e-05,"encoder/alpha_r2":-0.00818648338317871,"M":144,"_timestamp":1.7758212274775133e+09,"encoder/recon_cosine_fold4":0.9982906579971313,"n_folds":5,"encoder/alpha_r2_fold2":-0.02506577968597412,"encoder/task_auroc":0.9088194444444444,"encoder/task_auroc_fold0":0.9112847222222221,"encoder/alpha_r2_fold4":-0.00025844573974609375}