{"encoder/alpha_r2_fold4":0.9933313727378845,"n_folds":5,"encoder/alpha_r2":0.9865251779556274,"encoder/alpha_r2_fold0":0.9871244430541992,"encoder/recon_cosine_fold2":0.9985632300376892,"encoder/task_auroc_fold4":0.8998263888888889,"encoder/task_auroc_fold2":0.8980902777777777,"encoder/task_auroc":0.9075347222222222,"encoder/alpha_r2_fold2":0.9936733245849609,"encoder/recon_cosine_fold4":0.9985729455947876,"encoder/recon_cosine":0.9986135601997376,"encoder/alpha_r2_fold1":0.9920293092727661,"encoder/recon_cosine_fold1":0.9985299706459045,"encoder/alpha_r2_fold3":0.9664674401283264,"_timestamp":1.7758941997528045e+09,"encoder/task_auroc_fold3":0.9022569444444445,"encoder/recon_cosine_fold3":0.9987984895706177,"M":144,"S":11,"_runtime":2581,"encoder/recon_cosine_fold0":0.9986031651496887,"_step":5,"encoder/task_auroc_fold0":0.9083333333333334,"_wandb":{"runtime":2581},"n_samples":300,"encoder/task_auroc_fold1":0.9291666666666666}