{"n_samples":300,"encoder/recon_cosine_fold3":0.9988309741020203,"encoder/alpha_r2_fold2":0.9995847940444946,"M":144,"encoder/alpha_r2_fold0":0.9996493458747864,"encoder/recon_cosine_fold2":0.9985225200653076,"encoder/recon_cosine_fold1":0.9985710978507996,"encoder/alpha_r2":0.9995048761367797,"encoder/task_auroc_fold4":0.48315972222222225,"_timestamp":1.7759023484715266e+09,"_runtime":2582,"_step":5,"_wandb":{"runtime":2582},"encoder/recon_cosine_fold0":0.9986411333084106,"encoder/alpha_r2_fold1":0.999435305595398,"encoder/task_auroc_fold0":0.5133680555555555,"encoder/task_auroc_fold2":0.4102430555555555,"encoder/recon_cosine_fold4":0.9985341429710388,"encoder/task_auroc_fold3":0.5958333333333334,"encoder/task_auroc":0.5127083333333333,"encoder/alpha_r2_fold3":0.9997053146362305,"encoder/alpha_r2_fold4":0.9991496205329895,"encoder/task_auroc_fold1":0.5609374999999999,"S":11,"n_folds":5,"encoder/recon_cosine":0.9986199736595154}