{"n_folds":5,"_timestamp":1.7758179363132567e+09,"encoder/task_auroc_fold0":0.9147569444444444,"encoder/task_auroc_fold1":0.93125,"encoder/recon_cosine_fold2":0.9984819293022156,"encoder/recon_cosine":0.998734200000763,"_wandb":{"runtime":67},"encoder/recon_cosine_fold0":0.9986146688461304,"_step":5,"encoder/recon_cosine_fold4":0.998482882976532,"encoder/alpha_r2_fold4":-2.164445161819458,"encoder/alpha_r2_fold3":-3.5386452674865723,"encoder/alpha_r2_fold0":-11.874764442443848,"n_samples":300,"encoder/task_auroc_fold4":0.7305555555555555,"encoder/task_auroc_fold2":0.8960069444444445,"encoder/alpha_r2_fold1":-1.9604763984680176,"encoder/recon_cosine_fold3":0.9990949034690857,"encoder/task_auroc":0.8767708333333333,"encoder/task_auroc_fold3":0.9112847222222221,"_runtime":67,"S":11,"encoder/recon_cosine_fold1":0.9989966154098511,"encoder/alpha_r2_fold2":-4.892657279968262,"M":144,"encoder/alpha_r2":-4.886197710037232}