{"_runtime":2885,"_timestamp":1.7758445399716573e+09,"encoder/recon_cosine_fold2":0.998500645160675,"encoder/recon_cosine_fold0":0.9986590147018433,"encoder/alpha_r2_fold3":-0.0125579833984375,"_wandb":{"runtime":2885},"encoder/task_auroc_fold1":0.46649305555555554,"encoder/task_auroc_fold2":0.547048611111111,"encoder/recon_cosine_fold4":0.9985587000846863,"encoder/recon_cosine_fold3":0.9988371133804321,"n_folds":5,"encoder/alpha_r2_fold4":-0.00025844573974609375,"n_samples":300,"encoder/task_auroc":0.5214583333333332,"encoder/alpha_r2_fold1":-0.002991318702697754,"encoder/alpha_r2_fold0":-5.888938903808594e-05,"encoder/task_auroc_fold0":0.586111111111111,"S":11,"encoder/alpha_r2_fold2":-0.02506577968597412,"M":144,"encoder/task_auroc_fold3":0.4892361111111111,"encoder/recon_cosine":0.9986218094825745,"encoder/alpha_r2":-0.00818648338317871,"encoder/task_auroc_fold4":0.5184027777777778,"_step":5,"encoder/recon_cosine_fold1":0.9985535740852356}