{"encoder/task_auroc_fold1":0.9229166666666666,"encoder/recon_cosine_fold1":0.9980379343032837,"encoder/task_auroc_fold2":0.9006944444444445,"_timestamp":1.7758213373064976e+09,"encoder/recon_cosine_fold2":0.9982169270515442,"_runtime":32,"_step":2,"encoder/alpha_r2_fold0":-5.888938903808594e-05,"encoder/alpha_r2_fold2":-0.02506577968597412,"_wandb":{"runtime":32},"encoder/task_auroc_fold0":0.7480902777777778,"encoder/alpha_r2_fold1":-0.002991318702697754,"encoder/recon_cosine_fold0":0.9985391497612}