{"encoder/task_auroc_fold1":0.9296875,"encoder/recon_cosine_fold2":0.998414158821106,"encoder/alpha_r2_fold2":0.9923670291900635,"S":11,"n_folds":5,"encoder/task_auroc_fold0":0.915625,"encoder/alpha_r2_fold1":0.9937229156494141,"encoder/recon_cosine_fold4":0.998378336429596,"encoder/recon_cosine_fold1":0.9983606338500977,"encoder/recon_cosine_fold0":0.9984365701675415,"_wandb":{"runtime":783},"_step":5,"encoder/alpha_r2_fold4":0.9918980598449707,"encoder/alpha_r2_fold3":0.9938949346542358,"n_samples":300,"encoder/alpha_r2_fold0":0.992218017578125,"encoder/task_auroc_fold3":0.9,"_runtime":783,"encoder/recon_cosine":0.9984424352645874,"encoder/task_auroc":0.9081249999999998,"_timestamp":1.7758890517389803e+09,"encoder/task_auroc_fold4":0.9026041666666667,"encoder/alpha_r2":0.9928201913833619,"encoder/task_auroc_fold2":0.8927083333333332,"encoder/recon_cosine_fold3":0.998622477054596,"M":144}