{"n_samples":300,"encoder/task_auroc_fold3":0.9012152777777779,"M":144,"encoder/alpha_r2_fold1":0.9861440658569336,"_wandb":{"runtime":2778},"encoder/recon_cosine_fold4":0.99870765209198,"encoder/task_auroc_fold0":0.9102430555555557,"encoder/task_auroc_fold1":0.9315972222222223,"encoder/alpha_r2_fold0":0.9752702116966248,"encoder/recon_cosine_fold3":0.9988125562667847,"_step":5,"encoder/task_auroc_fold4":0.9010416666666666,"S":11,"encoder/alpha_r2_fold2":0.9861916303634644,"encoder/recon_cosine_fold2":0.998513400554657,"encoder/task_auroc_fold2":0.8982638888888888,"encoder/task_auroc":0.9084722222222222,"encoder/recon_cosine":0.9986661791801452,"encoder/recon_cosine_fold0":0.9986922144889832,"encoder/alpha_r2":0.9774690389633178,"encoder/recon_cosine_fold1":0.9986050724983215,"n_folds":5,"encoder/alpha_r2_fold3":0.9666087031364441,"encoder/alpha_r2_fold4":0.9731305837631226,"_runtime":2778,"_timestamp":1.775899742167793e+09}