{"n_folds":5,"_step":5,"S":11,"encoder/recon_cosine_fold2":-0.013123963959515095,"encoder/task_auroc_fold3":0.9088541666666666,"encoder/task_auroc":0.906111111111111,"encoder/alpha_r2":-0.00818648338317871,"_wandb":{"runtime":926},"_runtime":926,"encoder/recon_cosine_fold1":-0.002842498244717717,"encoder/task_auroc_fold2":0.89375,"encoder/recon_cosine_fold4":0.012411600910127163,"encoder/alpha_r2_fold0":-5.888938903808594e-05,"encoder/task_auroc_fold0":0.9057291666666666,"encoder/alpha_r2_fold2":-0.02506577968597412,"encoder/alpha_r2_fold3":-0.0125579833984375,"_timestamp":1.7758882433807023e+09,"encoder/recon_cosine_fold0":0.0166392270475626,"encoder/alpha_r2_fold1":-0.002991318702697754,"M":144,"encoder/alpha_r2_fold4":-0.00025844573974609375,"encoder/task_auroc_fold1":0.9182291666666667,"encoder/recon_cosine_fold3":0.004075529985129833,"encoder/recon_cosine":0.0034319791477173565,"n_samples":300,"encoder/task_auroc_fold4":0.9039930555555555}