{"encoder/alpha_r2":0.9593943953514099,"encoder/alpha_r2_fold1":0.9769732356071472,"encoder/alpha_r2_fold2":0.9516236186027527,"encoder/recon_cosine_fold3":0.9980642199516296,"n_samples":300,"encoder/alpha_r2_fold4":0.9684243202209473,"encoder/task_auroc_fold2":0.8927083333333334,"encoder/recon_cosine_fold0":0.9980793595314026,"encoder/alpha_r2_fold3":0.9640939235687256,"S":11,"M":144,"n_folds":5,"encoder/recon_cosine_fold1":0.9979857206344604,"_timestamp":1.7758906753262131e+09,"_runtime":941,"encoder/task_auroc_fold3":0.8989583333333334,"encoder/recon_cosine_fold2":0.9981838464736938,"encoder/task_auroc_fold4":0.9032986111111111,"encoder/recon_cosine_fold4":0.998092532157898,"_wandb":{"runtime":941},"encoder/alpha_r2_fold0":0.9358568787574768,"encoder/task_auroc_fold1":0.9194444444444445,"encoder/recon_cosine":0.9980811357498169,"encoder/task_auroc":0.9053472222222222,"_step":5,"encoder/task_auroc_fold0":0.912326388888889}