{"encoder/recon_cosine_fold4":-0.012249345891177654,"encoder/recon_cosine_fold1":-0.00841137208044529,"encoder/alpha_r2_fold0":0.9821479916572571,"encoder/alpha_r2":0.9841537117958069,"encoder/task_auroc":0.9063888888888888,"_timestamp":1.7758706863678558e+09,"encoder/recon_cosine_fold0":-0.04413682222366333,"encoder/task_auroc_fold1":0.9288194444444444,"encoder/recon_cosine_fold3":0.02604541927576065,"encoder/recon_cosine_fold2":0.021339770406484604,"encoder/alpha_r2_fold1":0.9841870069503784,"n_folds":5,"_wandb":{"runtime":3243},"_step":5,"encoder/alpha_r2_fold4":0.9778204560279846,"encoder/recon_cosine":-0.0034824701026082037,"M":144,"encoder/alpha_r2_fold3":0.9905904531478882,"n_samples":300,"encoder/task_auroc_fold3":0.9038194444444445,"S":11,"encoder/task_auroc_fold0":0.9095486111111111,"encoder/task_auroc_fold2":0.898263888888889,"_runtime":3243,"encoder/alpha_r2_fold2":0.9860226511955261,"encoder/task_auroc_fold4":0.8914930555555556}