{"encoder/alpha_r2_fold4":0.9906495213508606,"encoder/alpha_r2_fold1":0.9878935217857361,"encoder/alpha_r2_fold0":0.9868883490562439,"encoder/task_auroc":0.9130902777777778,"encoder/alpha_r2_fold3":0.9811583757400513,"_runtime":3226,"encoder/task_auroc_fold1":0.927951388888889,"encoder/alpha_r2":0.984967052936554,"_timestamp":1.7758739383867912e+09,"_step":5,"_wandb":{"runtime":3226},"encoder/alpha_r2_fold2":0.9782454967498779,"M":144,"encoder/recon_cosine_fold3":-0.03655898943543434,"encoder/recon_cosine":0.006999337580054998,"encoder/recon_cosine_fold1":0.05179817974567413,"n_samples":300,"S":11,"encoder/task_auroc_fold4":0.9125,"encoder/recon_cosine_fold0":-0.005077915731817484,"encoder/task_auroc_fold0":0.9177083333333333,"encoder/recon_cosine_fold2":0.02088206075131893,"encoder/recon_cosine_fold4":0.0039533525705337524,"encoder/task_auroc_fold2":0.9003472222222222,"n_folds":5,"encoder/task_auroc_fold3":0.9069444444444444}