{"encoder/task_auroc_fold3":0.9043402777777778,"encoder/recon_cosine_fold3":0.9043406248092651,"encoder/recon_cosine_fold4":0.9268829822540283,"encoder/task_auroc_fold2":0.9034722222222221,"encoder/alpha_r2":0.9395907998085022,"encoder/alpha_r2_fold1":0.947434663772583,"encoder/recon_cosine_fold1":0.9164722561836243,"encoder/recon_cosine":0.912804365158081,"encoder/alpha_r2_fold0":0.9445876479148865,"_step":5,"encoder/alpha_r2_fold3":0.935472309589386,"encoder/task_auroc":0.9068055555555556,"encoder/task_auroc_fold0":0.8940972222222221,"encoder/task_auroc_fold4":0.9055555555555556,"S":11,"_wandb":{"runtime":14},"_timestamp":1.7758171698113575e+09,"encoder/alpha_r2_fold2":0.9399808049201965,"encoder/recon_cosine_fold0":0.9186320900917053,"encoder/alpha_r2_fold4":0.930478572845459,"n_samples":300,"encoder/task_auroc_fold1":0.9265625,"encoder/recon_cosine_fold2":0.8976938724517822,"_runtime":14,"n_folds":5,"M":144}