{"encoder/alpha_r2":0.9980984807014466,"encoder/recon_cosine_fold4":-0.0017512068152427673,"encoder/recon_cosine":0.002766037918627262,"encoder/task_auroc":0.9067013888888887,"encoder/recon_cosine_fold0":0.04471184313297272,"encoder/recon_cosine_fold1":-0.02376992627978325,"encoder/task_auroc_fold1":0.9215277777777777,"encoder/alpha_r2_fold2":0.9984056353569031,"_runtime":5247,"encoder/alpha_r2_fold3":0.998205840587616,"encoder/task_auroc_fold3":0.9010416666666666,"encoder/recon_cosine_fold2":-0.0013637728989124298,"_step":5,"encoder/alpha_r2_fold0":0.9985429644584656,"encoder/recon_cosine_fold3":-0.003996747545897961,"n_samples":300,"_timestamp":1.775851915956335e+09,"_wandb":{"runtime":5247},"encoder/alpha_r2_fold4":0.9974212050437927,"n_folds":5,"encoder/task_auroc_fold2":0.9,"encoder/task_auroc_fold4":0.9006944444444445,"encoder/task_auroc_fold0":0.9102430555555555,"S":11,"encoder/alpha_r2_fold1":0.9979167580604553,"M":144}