{"_wandb":{"runtime":3450},"encoder/alpha_r2":0.8155588150024414,"_timestamp":1.7758342184014351e+09,"_step":5,"encoder/task_auroc_fold3":0.9045138888888887,"encoder/recon_cosine":0.9988551616668702,"encoder/task_auroc":0.8152083333333333,"encoder/recon_cosine_fold3":0.9990514516830444,"encoder/alpha_r2_fold0":0.6381701231002808,"n_folds":5,"M":144,"encoder/task_auroc_fold4":0.7461805555555555,"encoder/task_auroc_fold1":0.8364583333333334,"encoder/alpha_r2_fold3":0.8653097152709961,"n_samples":300,"_runtime":3450,"encoder/recon_cosine_fold4":0.9987859129905701,"encoder/alpha_r2_fold2":0.8412719368934631,"encoder/recon_cosine_fold2":0.9988164305686951,"encoder/recon_cosine_fold0":0.9985185265541077,"encoder/alpha_r2_fold1":0.8580741286277771,"encoder/task_auroc_fold0":0.6902777777777778,"encoder/recon_cosine_fold1":0.9991034865379333,"encoder/alpha_r2_fold4":0.8749681711196899,"S":11,"encoder/task_auroc_fold2":0.898611111111111}