{"encoder/task_auroc_fold3":0.5684027777777778,"encoder/recon_cosine_fold3":0.9988247156143188,"encoder/recon_cosine_fold0":0.9986358284950256,"encoder/recon_cosine_fold1":0.9985604882240295,"encoder/task_auroc":0.5140277777777778,"n_folds":5,"encoder/task_auroc_fold4":0.49774305555555554,"encoder/alpha_r2_fold2":0.9996975064277649,"encoder/alpha_r2_fold4":0.9996763467788696,"n_samples":300,"encoder/task_auroc_fold0":0.5777777777777778,"_wandb":{"runtime":2669},"encoder/task_auroc_fold1":0.4920138888888889,"encoder/alpha_r2_fold1":0.9995958209037781,"S":11,"encoder/alpha_r2_fold0":0.999708890914917,"encoder/alpha_r2_fold3":0.999573290348053,"_runtime":2669,"encoder/task_auroc_fold2":0.4342013888888888,"encoder/recon_cosine_fold2":0.9985235929489136,"encoder/alpha_r2":0.9996503710746765,"_timestamp":1.775891601642404e+09,"_step":5,"encoder/recon_cosine_fold4":0.998548150062561,"encoder/recon_cosine":0.9986185550689697,"M":144}