{"encoder/recon_cosine_fold2":0.9980266690254211,"M":144,"encoder/alpha_r2_fold4":-0.00025844573974609375,"encoder/task_auroc_fold2":0.89375,"encoder/alpha_r2_fold2":-0.02506577968597412,"encoder/recon_cosine":0.9979364752769471,"encoder/task_auroc_fold4":0.9038194444444445,"_wandb":{"runtime":1001},"encoder/alpha_r2_fold3":-0.0125579833984375,"encoder/alpha_r2_fold1":-0.002991318702697754,"n_samples":300,"encoder/alpha_r2":-0.00818648338317871,"_step":5,"encoder/task_auroc_fold0":0.9192708333333333,"encoder/task_auroc_fold1":0.9175347222222223,"encoder/task_auroc_fold3":0.9026041666666668,"encoder/alpha_r2_fold0":-5.888938903808594e-05,"_timestamp":1.775846646553669e+09,"S":11,"encoder/recon_cosine_fold4":0.9977547526359558,"encoder/recon_cosine_fold0":0.9979476928710938,"encoder/recon_cosine_fold3":0.9979920983314514,"n_folds":5,"encoder/recon_cosine_fold1":0.997961163520813,"encoder/task_auroc":0.9073958333333334,"_runtime":1001}