{"encoder/task_auroc_fold0":0.9121527777777777,"_timestamp":1.7758499970144107e+09,"n_samples":300,"M":144,"encoder/recon_cosine_fold3":0.9987812638282776,"_step":5,"encoder/task_auroc_fold3":0.9034722222222221,"encoder/alpha_r2_fold0":-5.888938903808594e-05,"encoder/alpha_r2":-0.00818648338317871,"encoder/alpha_r2_fold2":-0.02506577968597412,"n_folds":5,"encoder/recon_cosine_fold4":0.9985329508781433,"encoder/task_auroc_fold1":0.9274305555555555,"encoder/recon_cosine_fold0":0.998531699180603,"S":11,"encoder/alpha_r2_fold3":-0.0125579833984375,"encoder/recon_cosine":0.9985923051834107,"encoder/task_auroc":0.9084722222222222,"encoder/recon_cosine_fold1":0.9986668229103088,"encoder/task_auroc_fold4":0.8980902777777778,"encoder/recon_cosine_fold2":0.9984487891197205,"encoder/task_auroc_fold2":0.9012152777777777,"encoder/alpha_r2_fold1":-0.002991318702697754,"_wandb":{"runtime":2702},"_runtime":2702,"encoder/alpha_r2_fold4":-0.00025844573974609375}