{"encoder/task_auroc_fold0":0.9097222222222221,"encoder/task_auroc_fold4":0.9102430555555555,"_timestamp":1.7758300922417629e+09,"encoder/task_auroc":0.9112152777777778,"_wandb":{"runtime":2884},"encoder/alpha_r2_fold1":-0.002991318702697754,"encoder/recon_cosine_fold4":-0.02011934481561184,"encoder/recon_cosine":-0.005599766923114658,"encoder/alpha_r2_fold0":-5.888938903808594e-05,"encoder/recon_cosine_fold2":-0.027795199304819107,"encoder/recon_cosine_fold0":0.03633549436926842,"encoder/recon_cosine_fold1":0.0034576377365738153,"encoder/task_auroc_fold1":0.9229166666666666,"encoder/alpha_r2":-0.00818648338317871,"n_samples":300,"n_folds":5,"encoder/recon_cosine_fold3":-0.019877422600984573,"encoder/task_auroc_fold3":0.9135416666666668,"M":144,"_runtime":2884,"encoder/alpha_r2_fold3":-0.0125579833984375,"S":11,"encoder/alpha_r2_fold2":-0.02506577968597412,"_step":5,"encoder/task_auroc_fold2":0.8996527777777779,"encoder/alpha_r2_fold4":-0.00025844573974609375}