{"_runtime":2915,"encoder/task_auroc_fold2":0.8953125,"encoder/task_auroc_fold3":0.8902777777777777,"encoder/alpha_r2_fold4":0.9896433353424072,"encoder/recon_cosine_fold4":0.9986303448677063,"encoder/task_auroc_fold4":0.8947916666666667,"encoder/recon_cosine_fold2":0.9986159205436707,"_timestamp":1.7759052801117525e+09,"encoder/recon_cosine_fold1":0.9986228346824646,"encoder/alpha_r2":0.9882795453071594,"encoder/task_auroc":0.8988541666666666,"_wandb":{"runtime":2915},"encoder/alpha_r2_fold0":0.9918147325515747,"encoder/recon_cosine_fold0":0.9986818432807922,"encoder/alpha_r2_fold3":0.9785825610160828,"S":11,"encoder/alpha_r2_fold1":0.991204023361206,"encoder/task_auroc_fold1":0.9109375,"encoder/recon_cosine":0.9986645698547363,"encoder/alpha_r2_fold2":0.9901530742645264,"encoder/task_auroc_fold0":0.9029513888888889,"n_folds":5,"_step":5,"encoder/recon_cosine_fold3":0.9987719058990479,"M":144,"n_samples":300}