{"encoder/alpha_r2_fold4":-0.00025844573974609375,"_runtime":6335,"_timestamp":1.7758456196348567e+09,"encoder/recon_cosine_fold3":-0.023376142606139183,"n_folds":5,"encoder/recon_cosine_fold2":0.03993808850646019,"_step":5,"n_samples":300,"encoder/task_auroc_fold3":0.9060763888888888,"S":11,"encoder/alpha_r2_fold1":-0.002991318702697754,"_wandb":{"runtime":6335},"encoder/task_auroc_fold2":0.9019097222222221,"encoder/task_auroc_fold0":0.9171875,"encoder/alpha_r2":-0.00818648338317871,"encoder/alpha_r2_fold0":-5.888938903808594e-05,"M":144,"encoder/task_auroc_fold1":0.9296875,"encoder/task_auroc":0.9071180555555556,"encoder/recon_cosine_fold1":-0.03047323040664196,"encoder/recon_cosine_fold4":-0.0025626770220696926,"encoder/alpha_r2_fold3":-0.0125579833984375,"encoder/recon_cosine_fold0":-0.018509801477193832,"encoder/alpha_r2_fold2":-0.02506577968597412,"encoder/recon_cosine":-0.006996752601116896,"encoder/task_auroc_fold4":0.8807291666666666}