{"encoder/task_auroc_fold2":0.8944444444444445,"_runtime":2936,"encoder/recon_cosine_fold4":-0.017707573249936104,"encoder/task_auroc":0.9064583333333334,"encoder/task_auroc_fold4":0.9005208333333334,"encoder/alpha_r2_fold3":-0.0125579833984375,"encoder/task_auroc_fold0":0.9114583333333334,"encoder/recon_cosine":-0.010751975886523723,"encoder/task_auroc_fold3":0.90625,"encoder/recon_cosine_fold0":0.03671904653310776,"encoder/alpha_r2_fold2":-0.02506577968597412,"S":11,"encoder/alpha_r2_fold4":-0.00025844573974609375,"encoder/task_auroc_fold1":0.9196180555555555,"_wandb":{"runtime":2936},"n_folds":5,"M":144,"encoder/recon_cosine_fold2":-0.01329351682215929,"encoder/recon_cosine_fold1":-0.038460176438093185,"_timestamp":1.775824294404586e+09,"encoder/alpha_r2":-0.00818648338317871,"_step":5,"encoder/alpha_r2_fold1":-0.002991318702697754,"encoder/recon_cosine_fold3":-0.021017659455537796,"n_samples":300,"encoder/alpha_r2_fold0":-5.888938903808594e-05}